Designator,Footprint,Quantity,Value,LCSC Part #
"C1, C11, C43, C6",0402,4,100n,
"C10, C40, C9",1206,3,10u,
"C12, C13, C14, C24, C25",0402,5,C,
"C15, C16",0805,2,100n,
"C17, C18, C19, C26, C41, C44, C45",0603,7,100n,
C2,0402,1,56p,
"C20, C21, C22, C23",0402,4,20p,
"C27, C28, C29, C30, C31, C32, C33, R26, R27, R28, R29, R30, R31, R32, R33, R34, R35, R36",0402,18,~,
C3,0402,1,6.8n,
"C34, C35, C37, C39",0603,4,C,
C36,CP_Radial_D6.3mm_P2.50mm,1,C_Polarized,
C38,0805,1,C,
C4,0402,1,68p,
C42,0805,1,22u,
"C5, C7",0402,2,1n,
C8,CP_Radial_D10.0mm_P5.00mm,1,C_Polarized,
CN1,R_Array_Convex_4x0603,1,C_Pack04_Split,
"D1, D2",0603,2,LED,
"D3, D4, D5, D6",D_SOD-123F,4,D_Zener,
D7,D_SOD-523,1,DNP,
D8,D_SMA,1,D_Zener,
D9,SOT-23,1,SM712_SOT23,
F1,1206,1,Fuse,
FB1,0603,1,FerriteBead,
"J1, J2","PhoenixContact_MCV_1,5_2-G-3.81_1x02_P3.81mm_Vertical",2,Screw_Terminal_01x02,
"J10, J11, J9",TerminalBlock_TE_282834-4_1x04_P2.54mm_Horizontal,3,Screw_Terminal_01x04,
J3,Tag-Connect_TC2030-IDC-NL_2x03_P1.27mm_Vertical,1,AVR-ISP-6,
J4,"PhoenixContact_MCV_1,5_4-G-3.81_1x04_P3.81mm_Vertical",1,Screw_Terminal_01x04,
L1,L_CommonModeChoke_Coilcraft_0805USB,1,L_Ferrite_Coupled,
L2,1210,1,22u,
"NT1, NT2",NetTie-2_SMD_Pad0.5mm,2,NetTie_2,
"R1, R2, R3",0402,3,220k,
"R10, R11, R5",0402,3,1.5M,
R12,2512,1,R,
"R13, R14",0402,2,?,
"R15, R16, R19, R20, R21, R22, R23, R24, R50",0402,9,R,
"R17, R18, R37, R39, R40",0805,5,R,
R25,0402,1,0,
"R38, R41",0603,2,R,
R4,0402,1,1k,
R42,0603,1,1M,
R43,0603,1,43k,
R44,0603,1,8k2,
"R45, R46",0402,2,3.3k,
R47,0603,1,1,
"R48, R49",0603,2,?,
"R6, R7",0402,2,10k,
"R8, R9",0402,2,22k,
"RN1, RN3",R_Array_Convex_4x0402,2,1k,
RN2,R_Array_Convex_4x0402,1,~,
"RN4, RN5",R_Array_Convex_4x0603,2,R_Pack04_Split,
"SW1, SW2, SW3",SW_SPST_B3U-1000P,3,SW_Push,
TP1,TestPoint_THTPad_D1.0mm_Drill0.5mm,1,I_{M1},
TP10,TestPoint_THTPad_D1.0mm_Drill0.5mm,1,P_{1},
TP2,TestPoint_THTPad_D1.0mm_Drill0.5mm,1,I_{R1},
TP3,TestPoint_THTPad_D1.0mm_Drill0.5mm,1,RP_{1},
TP4,TestPoint_THTPad_D1.0mm_Drill0.5mm,1,I_{REF},
TP5,TestPoint_THTPad_D1.0mm_Drill0.5mm,1,REF,
TP6,TestPoint_THTPad_D1.0mm_Drill0.5mm,1,I_{M0},
TP7,TestPoint_THTPad_D1.0mm_Drill0.5mm,1,I_{R0},
TP8,TestPoint_THTPad_D1.0mm_Drill0.5mm,1,RP_{0},
TP9,TestPoint_THTPad_D1.0mm_Drill0.5mm,1,P_{0},
U1,TSSOP-14_4.4x5mm_P0.65mm,1,MCP6004,
U10,SOT-23-6,1,SRV05-4,
U11,SOT-23-6,1,USBLC6-2SC6,
U2,TSSOP-16-1EP_4.4x5mm_P0.65mm_EP3x3mm_ThermalVias,1,A4954,
U3,SOT-353_SC-70-5,1,LMV321,
U4,TQFP-32_7x7mm_P0.8mm,1,ATmega328PB-A,
U5,SOT-563,1,74LVC1G57,
U6,SOIC-8_3.9x4.9mm_P1.27mm,1,TJA1051T-3,
U7,TSSOP-14_4.4x5mm_P0.65mm,1,~,
U8,SOT-23-6,1,TD1465,
U9,TSSOP-8_3x3mm_P0.65mm,1,MCP6562,
Y1,Crystal_SMD_3225-4Pin_3.2x2.5mm,1,Crystal_GND24,
