Designator,Footprint,Quantity,Value,LCSC Part #
C1,CP_Radial_D12.5mm_P5.00mm,1,1000uF 50V D12.5xL25mm,C338226
"C10, C11, C4",0805,3,22u 10V,C29277
"C12, C13, C3, C5, C6, C7, C8, C9",0603,8,100n 50V,C14663
C2,1210,1,10u 50V,C337485
"CN1, CN2",R_Array_Convex_4x0603,2,100n 50V,C541605
D1,0603,1,green LED,
"D10, D11, D12, D13, D14, D15, D16, D17, D18, D19, D20, D21, D4, D5, D6, D7, D8, D9",SOT-23_Handsoldering,18,SM05,C460613
D2,D_SMA,1,SMAJ36A,C148232
F1,Fuseholder_Littelfuse_Nano2_154x,1,01550900M,C108518
J9,"PhoenixContact_MSTBVA_2,5_2-G_1x02_P5.00mm_Vertical",1,Screw_Terminal_01x02,C505779
JP1,SolderJumper-2_P1.3mm_Open_RoundedPad1.0x1.5mm,1,IO7,
JP3,SolderJumper-2_P1.3mm_Open_RoundedPad1.0x1.5mm,1,SCL,
JP4,SolderJumper-2_P1.3mm_Open_RoundedPad1.0x1.5mm,1,SDA,
L1,1210,1,CBC3225T220KR,C223225
L2,0603,1,BLM18BD252SN1D,C77668
L3,0805,1,MMZ2012R102AT000,C76810
Q1,SOT-363_SC-70-6,1,DMN2004DWK,C156343
R1,0603,1,2.2k,C125931
"R10, R11, R12",0603,3,4.7k,C99782
R13,0603,1,100k,
R2,0603,1,1M,C105578
R3,0603,1,105k 0.5%,C862523
R4,0603,1,20k 0.5%,C227463
"R5, R6, R7",0805,3,200,C114567
R8,0603,1,47k,C105579
R9,0603,1,10k,C98220
"RN1, RN2, RN3, RN4",R_Array_Convex_4x0603,4,100,C136838
"RN5, RN6",R_Array_Convex_4x0603,2,68k,C728919
"RN7, RN8",R_Array_Convex_4x0603,2,4.7k,C700514
U1,SOT-23-6,1,TD1469,C2832208
U3,TSSOP-28_4.4x9.7mm_P0.65mm,1,PCA9685PW,C2678753
U4,TSSOP-16_4.4x5mm_P0.65mm,1,TCA9554APW,C2863976
U5,TSSOP-16_4.4x5mm_P0.65mm,1,ADS7830,C161747
U6,SOIC-8_3.9x4.9mm_P1.27mm,1,P82B96,C2687855
U7,SOT-353_SC-70-5,1,74LVC1G17,
